Layer,Provinsi,Nama,Jenis,Alamat,Latitude,Longitude
Jawa Barat,Jawa Barat,Kabupaten Bandung,Kabupaten,"Kabupaten Bandung, Jawa Barat, Indonesia",-7.0219,107.5197
Jawa Barat,Jawa Barat,Kabupaten Bandung Barat,Kabupaten,"Kabupaten Bandung Barat, Jawa Barat, Indonesia",-6.841,107.492
Jawa Barat,Jawa Barat,Kabupaten Bekasi,Kabupaten,"Kabupaten Bekasi, Jawa Barat, Indonesia",-6.3,107.17
Jawa Barat,Jawa Barat,Kabupaten Bogor,Kabupaten,"Kabupaten Bogor, Jawa Barat, Indonesia",-6.48,106.854
Jawa Barat,Jawa Barat,Kabupaten Ciamis,Kabupaten,"Kabupaten Ciamis, Jawa Barat, Indonesia",-7.326,108.353
Jawa Barat,Jawa Barat,Kabupaten Cianjur,Kabupaten,"Kabupaten Cianjur, Jawa Barat, Indonesia",-6.82,107.142
Jawa Barat,Jawa Barat,Kabupaten Cirebon,Kabupaten,"Kabupaten Cirebon, Jawa Barat, Indonesia",-6.75,108.5
Jawa Barat,Jawa Barat,Kabupaten Garut,Kabupaten,"Kabupaten Garut, Jawa Barat, Indonesia",-7.213,107.9
Jawa Barat,Jawa Barat,Kabupaten Indramayu,Kabupaten,"Kabupaten Indramayu, Jawa Barat, Indonesia",-6.327,108.32
Jawa Barat,Jawa Barat,Kabupaten Karawang,Kabupaten,"Kabupaten Karawang, Jawa Barat, Indonesia",-6.322,107.337
Jawa Barat,Jawa Barat,Kabupaten Kuningan,Kabupaten,"Kabupaten Kuningan, Jawa Barat, Indonesia",-6.976,108.483
Jawa Barat,Jawa Barat,Kabupaten Majalengka,Kabupaten,"Kabupaten Majalengka, Jawa Barat, Indonesia",-6.836,108.227
Jawa Barat,Jawa Barat,Kabupaten Pangandaran,Kabupaten,"Kabupaten Pangandaran, Jawa Barat, Indonesia",-7.685,108.65
Jawa Barat,Jawa Barat,Kabupaten Purwakarta,Kabupaten,"Kabupaten Purwakarta, Jawa Barat, Indonesia",-6.556,107.443
Jawa Barat,Jawa Barat,Kabupaten Subang,Kabupaten,"Kabupaten Subang, Jawa Barat, Indonesia",-6.569,107.76
Jawa Barat,Jawa Barat,Kabupaten Sukabumi,Kabupaten,"Kabupaten Sukabumi, Jawa Barat, Indonesia",-7.05,106.7
Jawa Barat,Jawa Barat,Kabupaten Sumedang,Kabupaten,"Kabupaten Sumedang, Jawa Barat, Indonesia",-6.859,107.924
Jawa Barat,Jawa Barat,Kabupaten Tasikmalaya,Kabupaten,"Kabupaten Tasikmalaya, Jawa Barat, Indonesia",-7.35,108.11
Jawa Barat,Jawa Barat,Kota Bandung,Kota,"Kota Bandung, Jawa Barat, Indonesia",-6.9175,107.6191
Jawa Barat,Jawa Barat,Kota Banjar,Kota,"Kota Banjar, Jawa Barat, Indonesia",-7.37,108.54
Jawa Barat,Jawa Barat,Kota Bekasi,Kota,"Kota Bekasi, Jawa Barat, Indonesia",-6.2383,106.9756
Jawa Barat,Jawa Barat,Kota Bogor,Kota,"Kota Bogor, Jawa Barat, Indonesia",-6.5971,106.806
Jawa Barat,Jawa Barat,Kota Cimahi,Kota,"Kota Cimahi, Jawa Barat, Indonesia",-6.8722,107.542
Jawa Barat,Jawa Barat,Kota Cirebon,Kota,"Kota Cirebon, Jawa Barat, Indonesia",-6.7063,108.557
Jawa Barat,Jawa Barat,Kota Depok,Kota,"Kota Depok, Jawa Barat, Indonesia",-6.4025,106.7942
Jawa Barat,Jawa Barat,Kota Sukabumi,Kota,"Kota Sukabumi, Jawa Barat, Indonesia",-6.9277,106.93
Jawa Barat,Jawa Barat,Kota Tasikmalaya,Kota,"Kota Tasikmalaya, Jawa Barat, Indonesia",-7.3274,108.2207
